"Time (s)","Latitude (°)","Longitude (°)","Altitude (m)","Altitude WGS84 (m)","Speed (m/s)","Direction (°)","Distance (km)","Horizontal Accuracy (m)","Vertical Accuracy (m)","Satellites"
1.625800090E-1,6.506031550E1,2.547743160E1,2.001613445E1,3.750000000E1,NaN,NaN,1.275689709E-1,8.091999817E1,2.491907835E0,0.000000000E0
1.385276231E0,6.506143833E1,2.547799000E1,-6.338422189E1,-4.590000000E1,2.826339722E0,1.878000069E1,2.379000532E-1,1.360000038E1,2.560000038E1,5.000000000E0
1.866819308E0,6.506055000E1,2.547694167E1,-6.328400775E1,-4.580000000E1,1.913222551E0,8.779999733E0,2.488343445E-1,8.199999809E0,1.550000000E1,1.100000000E1
2.372586769E0,6.506053000E1,2.547671333E1,-6.328402575E1,-4.580000000E1,1.362984419E0,3.527799988E2,2.554251516E-1,6.300000191E0,1.589999962E1,1.200000000E1
2.862231308E0,6.506057667E1,2.547662667E1,-6.318405287E1,-4.570000000E1,7.478913665E-1,3.270000000E2,2.600670990E-1,5.199999809E0,1.670000076E1,1.300000000E1
3.389248000E0,6.506061667E1,2.547659833E1,-6.298407099E1,-4.550000000E1,5.430319309E-1,2.850799866E2,2.614465022E-1,4.500000000E0,1.710000038E1,1.400000000E1
3.877599616E0,6.506062833E1,2.547660833E1,-6.308407423E1,-4.560000000E1,6.289905310E-1,2.664899902E2,2.636820754E-1,4.199999809E0,1.839999962E1,1.200000000E1
4.899807693E0,6.506061167E1,2.547658167E1,-6.298407098E1,-4.550000000E1,5.595030785E-1,2.714100037E2,2.680738056E-1,4.099999905E0,2.000000000E1,1.800000000E1
5.888267308E0,6.506060833E1,2.547648833E1,-6.298408015E1,-4.550000000E1,4.627352655E-1,2.713699951E2,2.722062493E-1,4.099999905E0,2.620000076E1,2.400000000E1
6.884832308E0,6.506059000E1,2.547641167E1,-6.298408185E1,-4.550000000E1,4.287635982E-1,2.319299927E2,2.771277142E-1,4.000000000E0,3.279999924E1,2.200000000E1
7.885334077E0,6.506055833E1,2.547648500E1,-6.298406182E1,-4.550000000E1,6.372261047E-1,3.030100098E2,2.809566497E-1,3.900000095E0,2.700000000E1,2.500000000E1
8.898623693E0,6.506053167E1,2.547653667E1,-6.318404608E1,-4.570000000E1,4.694266617E-1,2.818999939E2,2.846884328E-1,3.900000095E0,3.070000076E1,2.400000000E1
9.873235924E0,6.506055000E1,2.547660333E1,-6.288404550E1,-4.540000000E1,6.063427925E-1,2.960799866E2,2.854915491E-1,3.700000048E0,2.250000000E1,2.600000000E1
1.086474062E1,6.506054833E1,2.547658667E1,-6.248404674E1,-4.500000000E1,8.930430412E-1,2.577099915E2,2.899455201E-1,3.700000048E0,1.929999924E1,2.500000000E1
1.186847416E1,6.506058833E1,2.547658167E1,-6.238406225E1,-4.490000000E1,7.818630338E-1,2.669599915E2,2.932805863E-1,3.299999952E0,1.710000038E1,2.700000000E1
1.322083046E1,6.506056000E1,2.547655833E1,-6.178405426E1,-4.430000000E1,9.841488600E-1,2.911700134E2,2.943619650E-1,2.599999905E0,1.469999981E1,2.900000000E1
1.419020300E1,6.506056333E1,2.547653667E1,-6.148405793E1,-4.400000000E1,9.805458188E-1,2.707300110E2,2.956259306E-1,2.299999952E0,1.119999981E1,2.900000000E1
1.520763200E1,6.506056500E1,2.547651000E1,-6.128406153E1,-4.380000000E1,9.666483402E-1,2.747300110E2,2.970805394E-1,2.099999905E0,1.119999981E1,2.800000000E1
1.621397316E1,6.506056833E1,2.547648000E1,-6.118406612E1,-4.370000000E1,1.236877441E0,2.756000061E2,2.983988597E-1,2.000000000E0,1.000000000E1,2.600000000E1
1.719761592E1,6.506056000E1,2.547646000E1,-6.108406524E1,-4.360000000E1,9.455447197E-1,2.795799866E2,3.004300345E-1,2.000000000E0,1.189999962E1,2.700000000E1
1.822421723E1,6.506056500E1,2.547641833E1,-5.988407176E1,-4.240000000E1,1.569902778E0,2.766900024E2,3.024702154E-1,2.000000000E0,9.800000191E0,2.700000000E1
1.923022339E1,6.506056667E1,2.547637500E1,-6.008407722E1,-4.260000000E1,1.675935507E0,2.747300110E2,3.052285911E-1,2.000000000E0,1.139999962E1,2.800000000E1
2.022318731E1,6.506056000E1,2.547631833E1,-5.888408105E1,-4.140000000E1,1.633728385E0,2.799200134E2,3.074244604E-1,2.000000000E0,1.239999962E1,2.800000000E1
2.123314954E1,6.506055833E1,2.547627167E1,-5.938408563E1,-4.190000000E1,1.815940022E0,2.751700134E2,3.094646419E-1,2.000000000E0,1.350000000E1,2.400000000E1
2.222458023E1,6.506056000E1,2.547622833E1,-5.968409109E1,-4.220000000E1,1.358866692E0,2.788500061E2,3.117807649E-1,2.000000000E0,1.970000076E1,2.700000000E1
2.322568216E1,6.506057000E1,2.547618500E1,-5.958409967E1,-4.210000000E1,1.452031374E0,2.796499939E2,3.131995144E-1,1.899999976E0,2.129999924E1,2.800000000E1
2.420148823E1,6.506057167E1,2.547615500E1,-5.898410364E1,-4.150000000E1,1.523577809E0,2.675499878E2,3.146182638E-1,1.899999976E0,2.200000000E1,2.400000000E1
2.520874277E1,6.506057000E1,2.547612500E1,-5.888410636E1,-4.140000000E1,1.570417523E0,2.678299866E2,3.159223514E-1,1.899999976E0,2.929999924E1,2.900000000E1
2.620041716E1,6.506056667E1,2.547609833E1,-5.898410809E1,-4.150000000E1,1.605933309E0,2.643299866E2,3.178123413E-1,1.899999976E0,2.429999924E1,2.600000000E1
2.721576585E1,6.506055333E1,2.547607333E1,-5.778410589E1,-4.030000000E1,1.656890869E0,2.611499939E2,3.197659444E-1,1.899999976E0,2.029999924E1,2.900000000E1
2.820701100E1,6.506055333E1,2.547603167E1,-5.818411054E1,-4.070000000E1,1.639390230E0,2.591000061E2,3.211451328E-1,1.899999976E0,2.320000076E1,3.100000000E1
2.920949254E1,6.506055667E1,2.547600333E1,-5.848411495E1,-4.100000000E1,1.598212481E0,2.745899963E2,3.227965907E-1,1.899999976E0,1.460000038E1,3.100000000E1
3.021720708E1,6.506055833E1,2.547596833E1,-5.888411948E1,-4.140000000E1,1.588432789E0,2.766600037E2,3.242153408E-1,1.799999952E0,1.200000000E1,2.900000000E1
3.121407346E1,6.506056000E1,2.547593833E1,-5.918412345E1,-4.170000000E1,1.542107821E0,2.768200073E2,3.255566551E-1,1.799999952E0,1.289999962E1,3.100000000E1
3.219521416E1,6.506056167E1,2.547591000E1,-5.918412724E1,-4.170000000E1,1.473134995E0,2.640700073E2,3.264359911E-1,1.799999952E0,1.200000000E1,2.900000000E1
3.322109562E1,6.506056333E1,2.547589167E1,-5.908412991E1,-4.160000000E1,1.372764111E0,2.664899902E2,3.275455943E-1,1.799999952E0,1.250000000E1,3.200000000E1
3.421928985E1,6.506056500E1,2.547586833E1,-5.908413314E1,-4.160000000E1,1.301732540E0,2.838200073E2,3.285014609E-1,1.799999952E0,1.339999962E1,3.200000000E1
3.521533077E1,6.506056667E1,2.547584833E1,-5.908413599E1,-4.160000000E1,1.242024779E0,2.767500000E2,3.294391899E-1,1.799999952E0,1.419999981E1,3.100000000E1
3.619423754E1,6.506056667E1,2.547582833E1,-5.918413823E1,-4.170000000E1,1.178199172E0,2.812399902E2,3.307031554E-1,1.799999952E0,2.039999962E1,3.200000000E1
3.722604123E1,6.506056500E1,2.547580167E1,-5.928414058E1,-4.180000000E1,1.113344193E0,2.902099915E2,3.315824913E-1,1.799999952E0,2.079999924E1,3.200000000E1
3.822943285E1,6.506056333E1,2.547578333E1,-5.928414200E1,-4.180000000E1,1.018635273E0,2.824400024E2,3.324191058E-1,1.799999952E0,1.950000000E1,3.200000000E1
3.923497285E1,6.506055833E1,2.547577000E1,-5.928414161E1,-4.180000000E1,9.218674898E-1,2.503200073E2,3.332557204E-1,1.700000048E0,2.000000000E1,3.200000000E1
4.020000270E1,6.506055333E1,2.547575667E1,-5.948414123E1,-4.200000000E1,7.983341813E-1,2.513999939E2,3.339830251E-1,1.700000048E0,2.029999924E1,3.200000000E1
4.120815939E1,6.506055167E1,2.547574167E1,-5.968414228E1,-4.220000000E1,6.974486113E-1,2.603999939E2,3.345605751E-1,1.700000048E0,2.039999962E1,3.200000000E1
4.221486116E1,6.506055000E1,2.547573000E1,-5.968414296E1,-4.220000000E1,6.207550168E-1,2.765199890E2,3.351381252E-1,1.700000048E0,2.150000000E1,3.200000000E1
4.322920485E1,6.506054833E1,2.547571833E1,-5.978414363E1,-4.230000000E1,5.574441552E-1,2.632999878E2,3.359195665E-1,1.700000048E0,2.250000000E1,3.200000000E1
4.422309323E1,6.506054833E1,2.547570167E1,-5.988414549E1,-4.240000000E1,4.992805421E-1,2.734599915E2,3.371467515E-1,1.700000048E0,2.289999962E1,3.200000000E1
4.522699777E1,6.506054333E1,2.547567833E1,-5.998414622E1,-4.250000000E1,4.627352655E-1,2.645299988E2,3.382563555E-1,1.799999952E0,2.129999924E1,3.200000000E1
4.622041223E1,6.506054167E1,2.547565500E1,-5.998414820E1,-4.250000000E1,4.364844561E-1,2.612600098E2,3.397526159E-1,1.700000048E0,2.100000000E1,3.200000000E1
4.723205354E1,6.506054000E1,2.547562333E1,-6.008415111E1,-4.260000000E1,4.529555440E-1,2.599200134E2,3.413425952E-1,1.700000048E0,1.920000076E1,3.200000000E1
4.822308639E1,6.506053333E1,2.547559333E1,-5.918415196E1,-4.170000000E1,5.430319309E-1,2.392700043E2,3.430249607E-1,1.799999952E0,2.000000000E1,3.200000000E1
4.919727623E1,6.506053000E1,2.547555833E1,-5.948415461E1,-4.200000000E1,6.876688600E-1,2.463699951E2,3.449095555E-1,1.799999952E0,1.989999962E1,3.200000000E1
5.023069962E1,6.506052833E1,2.547551833E1,-5.968415845E1,-4.220000000E1,8.729689121E-1,2.595199890E2,3.469748366E-1,1.899999976E0,2.039999962E1,3.200000000E1
5.122811754E1,6.506053167E1,2.547547500E1,-5.998416454E1,-4.250000000E1,1.069592834E0,2.653399963E2,3.494043849E-1,1.899999976E0,2.110000038E1,3.200000000E1
5.220023623E1,6.506053000E1,2.547542333E1,-5.958416968E1,-4.210000000E1,1.286290884E0,2.717900085E2,3.516522734E-1,1.899999976E0,2.139999962E1,3.200000000E1
5.320820277E1,6.506054000E1,2.547538167E1,-5.978417808E1,-4.230000000E1,1.487032533E0,2.733200073E2,3.534591101E-1,1.899999976E0,2.170000076E1,3.200000000E1
5.420006770E1,6.506054500E1,2.547534500E1,-5.978418404E1,-4.230000000E1,1.644022822E0,2.662000122E2,3.550445303E-1,1.899999976E0,2.020000076E1,3.200000000E1
5.521088793E1,6.506055000E1,2.547531333E1,-5.988418945E1,-4.240000000E1,1.798439503E0,2.743800049E2,3.562398803E-1,1.799999952E0,2.060000038E1,3.200000000E1
5.622997693E1,6.506055667E1,2.547529333E1,-5.978419418E1,-4.230000000E1,1.910134196E0,2.772600098E2,3.576735843E-1,1.899999976E0,2.039999962E1,3.200000000E1
5.720186146E1,6.506056500E1,2.547527000E1,-5.978419991E1,-4.230000000E1,2.014622688E0,2.770199890E2,3.590527723E-1,1.899999976E0,2.100000000E1,3.200000000E1
5.821790823E1,6.506056833E1,2.547524167E1,-5.978420432E1,-4.230000000E1,2.059403658E0,2.688699951E2,3.604319600E-1,1.899999976E0,2.179999924E1,3.200000000E1
5.921831900E1,6.506057167E1,2.547521333E1,-5.978420874E1,-4.230000000E1,2.041388273E0,2.804299927E2,3.618069621E-1,1.899999976E0,2.220000076E1,3.200000000E1
6.021011685E1,6.506058000E1,2.547519167E1,-5.888421428E1,-4.140000000E1,1.953885555E0,2.950000000E2,3.626435762E-1,1.899999976E0,2.270000076E1,3.200000000E1
6.119985477E1,6.506058500E1,2.547517833E1,-5.778421765E1,-4.030000000E1,1.812336922E0,3.012200012E2,3.635207071E-1,1.899999976E0,2.370000076E1,3.200000000E1
6.222602247E1,6.506059167E1,2.547516833E1,-5.668422126E1,-3.920000000E1,1.649170041E0,3.041900024E2,3.642002437E-1,1.899999976E0,2.379999924E1,3.200000000E1
6.321604154E1,6.506059667E1,2.547516000E1,-5.568422407E1,-3.820000000E1,1.079887271E0,3.087699890E2,3.651215160E-1,1.799999952E0,1.239999962E1,3.500000000E1
6.421416862E1,6.506060333E1,2.547514833E1,-5.448422787E1,-3.700000000E1,1.542107821E0,3.126900024E2,3.661452308E-1,1.799999952E0,7.199999809E0,3.500000000E1
6.522308000E1,6.506060833E1,2.547513000E1,-5.318423179E1,-3.570000000E1,1.490120888E0,2.988999939E2,3.673003287E-1,1.799999952E0,4.900000095E0,3.500000000E1
6.622294054E1,6.506061167E1,2.547510667E1,-5.178423565E1,-3.430000000E1,1.410338879E0,2.803599854E2,3.685642921E-1,1.799999952E0,4.000000000E0,3.500000000E1
6.723334116E1,6.506061000E1,2.547508000E1,-5.058423800E1,-3.310000000E1,1.345483899E0,2.843999939E2,3.694436266E-1,1.799999952E0,3.900000095E0,3.500000000E1
6.822910616E1,6.506060833E1,2.547506167E1,-4.928423942E1,-3.180000000E1,1.247686625E0,2.765400085E2,3.709649080E-1,1.799999952E0,3.900000095E0,3.400000000E1
6.923031131E1,6.506060167E1,2.547503333E1,-4.808424008E1,-3.060000000E1,1.235333323E0,2.742500000E2,3.728462471E-1,1.700000048E0,3.799999952E0,3.400000000E1
7.020596454E1,6.506059667E1,2.547499500E1,-4.658424249E1,-2.910000000E1,1.304306149E0,2.833999939E2,3.746530884E-1,1.700000048E0,3.799999952E0,3.400000000E1
7.122304116E1,6.506059833E1,2.547495667E1,-4.378424739E1,-2.630000000E1,1.410853624E0,2.958599854E2,3.765972732E-1,1.600000024E0,3.799999952E0,3.400000000E1
7.223159070E1,6.506060500E1,2.547491833E1,-4.128425417E1,-2.380000000E1,1.576079488E0,3.064899902E2,3.785795419E-1,1.500000000E0,3.799999952E0,3.400000000E1
7.323374985E1,6.506061500E1,2.547488333E1,-4.018426183E1,-2.270000000E1,1.703215837E0,3.044200134E2,3.801952114E-1,1.500000000E0,3.799999952E0,3.400000000E1
7.422591231E1,6.506062500E1,2.547485833E1,-3.888426838E1,-2.140000000E1,1.745937824E0,3.079899902E2,3.812892262E-1,1.600000024E0,3.799999952E0,3.400000000E1
7.522472762E1,6.506062500E1,2.547483500E1,-3.768427099E1,-2.020000000E1,1.723289967E0,2.930100098E2,3.821685602E-1,1.500000000E0,3.799999952E0,3.400000000E1
7.621815662E1,6.506062333E1,2.547481667E1,-3.668427241E1,-1.920000000E1,1.655861378E0,2.803500061E2,3.826010034E-1,1.500000000E0,3.900000095E0,3.400000000E1
7.672620608E1,6.506062167E1,2.547480833E1,-3.598427271E1,-1.850000000E1,1.605418563E0,2.718200073E2,3.829643887E-1,1.399999976E0,3.900000095E0,3.400000000E1
7.721896824E1,6.506062000E1,2.547480167E1,-3.528427283E1,-1.780000000E1,1.529239774E0,2.491499939E2,3.834492442E-1,1.399999976E0,3.900000095E0,3.400000000E1
7.772891139E1,6.506061667E1,2.547479500E1,-3.508427232E1,-1.760000000E1,1.395411968E0,2.687000122E2,3.838816875E-1,1.399999976E0,3.900000095E0,3.400000000E1
7.822854701E1,6.506061500E1,2.547478667E1,-3.438427263E1,-1.690000000E1,1.211656094E0,2.674100037E2,3.847610218E-1,1.299999952E0,3.799999952E0,3.400000000E1
7.922865724E1,6.506061333E1,2.547476833E1,-3.348427405E1,-1.600000000E1,1.046944976E0,2.663699951E2,3.859331810E-1,1.399999976E0,3.799999952E0,3.400000000E1
8.020586700E1,6.506061333E1,2.547474333E1,-3.278427684E1,-1.530000000E1,8.863516450E-1,2.812200012E2,3.873123666E-1,1.500000000E0,3.900000095E0,3.400000000E1
8.122396147E1,6.506061000E1,2.547471500E1,-3.218427875E1,-1.470000000E1,7.751716375E-1,2.626199951E2,3.887524638E-1,1.600000024E0,3.900000095E0,3.400000000E1
8.221698154E1,6.506060500E1,2.547468667E1,-3.158428004E1,-1.410000000E1,7.211258411E-1,2.593599854E2,3.902070706E-1,1.600000024E0,3.900000095E0,3.300000000E1
8.320491016E1,6.506060167E1,2.547465667E1,-3.088428213E1,-1.340000000E1,7.072283626E-1,2.795000000E2,3.916471682E-1,1.600000024E0,3.900000095E0,3.300000000E1
8.420576916E1,6.506059667E1,2.547462833E1,-3.018428342E1,-1.270000000E1,7.787747383E-1,2.735899963E2,3.931596524E-1,1.600000024E0,4.000000000E0,3.200000000E1
8.520451316E1,6.506059167E1,2.547459833E1,-2.938428489E1,-1.190000000E1,8.400266767E-1,2.740899963E2,3.945784008E-1,1.600000024E0,4.000000000E0,3.200000000E1
8.622560270E1,6.506059000E1,2.547456833E1,-2.868428761E1,-1.120000000E1,9.352502823E-1,2.807399902E2,3.958287050E-1,1.600000024E0,4.599999905E0,3.200000000E1
8.722544031E1,6.506059000E1,2.547454167E1,-2.798429059E1,-1.050000000E1,1.049518585E0,2.853699951E2,3.972833126E-1,1.600000024E0,4.900000095E0,3.200000000E1
8.822599593E1,6.506059333E1,2.547451167E1,-2.718429519E1,-9.700000000E0,1.138050795E0,2.816499939E2,3.985336167E-1,1.600000024E0,5.400000095E0,3.200000000E1
8.923161408E1,6.506059333E1,2.547448500E1,-2.638429817E1,-8.900000000E0,1.176655054E0,2.876799927E2,3.996887151E-1,1.700000048E0,4.000000000E0,3.200000000E1
9.023206885E1,6.506059667E1,2.547446167E1,-2.558430202E1,-8.100000000E0,1.217832804E0,2.922000122E2,4.009928014E-1,1.700000048E0,4.000000000E0,3.200000000E1
9.123060124E1,6.506060000E1,2.547443500E1,-2.458430625E1,-7.100000000E0,1.225038886E0,2.894500122E2,4.022968876E-1,1.600000024E0,4.000000000E0,3.200000000E1
9.221821224E1,6.506060333E1,2.547440833E1,-2.358431048E1,-6.100000000E0,1.217832804E0,2.965499878E2,4.034519857E-1,1.600000024E0,4.000000000E0,3.200000000E1
9.322854554E1,6.506060667E1,2.547438500E1,-2.268431434E1,-5.200000000E0,1.227612495E0,2.892300110E2,4.046813510E-1,1.600000024E0,4.000000000E0,3.200000000E1
9.422584024E1,6.506061000E1,2.547436000E1,-2.178431838E1,-4.300000000E0,1.213714957E0,2.843699951E2,4.059107162E-1,1.500000000E0,4.000000000E0,3.100000000E1
9.522254054E1,6.506061333E1,2.547433500E1,-2.098432243E1,-3.500000000E0,1.217832804E0,2.775700073E2,4.072899018E-1,1.500000000E0,4.199999809E0,3.200000000E1
9.621805470E1,6.506061667E1,2.547430667E1,-2.028432684E1,-2.800000000E0,1.237392187E0,2.778800049E2,4.085538650E-1,1.500000000E0,4.000000000E0,3.100000000E1
9.722911685E1,6.506061833E1,2.547428000E1,-1.948433045E1,-2.000000000E0,1.217318058E0,2.744899902E2,4.095865021E-1,1.500000000E0,4.000000000E0,3.200000000E1
9.823404301E1,6.506062000E1,2.547425833E1,-1.918433349E1,-1.700000000E0,1.198273301E0,2.720000000E2,4.108158669E-1,1.600000024E0,3.900000095E0,3.200000000E1
9.920270762E1,6.506062333E1,2.547423333E1,-1.848433754E1,-1.000000000E0,1.203420520E0,2.820899963E2,4.120112150E-1,1.600000024E0,4.000000000E0,3.200000000E1
1.002283067E2,6.506063000E1,2.547421333E1,-1.838434228E1,-9.000000000E-1,1.175625563E0,2.955799866E2,4.131745106E-1,1.700000048E0,3.900000095E0,3.200000000E1
1.012306874E2,6.506063833E1,2.547419833E1,-1.768434708E1,-2.000000000E-1,1.189008355E0,3.096799927E2,4.144384390E-1,1.600000024E0,3.900000095E0,3.200000000E1
1.022248664E2,6.506064667E1,2.547418000E1,-1.688435226E1,6.000000000E-1,1.201876402E0,3.071000061E2,4.157975112E-1,1.600000024E0,4.000000000E0,3.100000000E1
1.032237006E2,6.506065667E1,2.547416333E1,-1.638435789E1,1.100000000E0,1.195184946E0,3.158900146E2,4.172029693E-1,1.600000024E0,4.000000000E0,3.200000000E1
1.042279199E2,6.506066667E1,2.547414500E1,-1.568436369E1,1.800000000E0,1.207023621E0,3.161400146E2,4.183207554E-1,1.600000024E0,4.000000000E0,3.200000000E1
1.051997139E2,6.506067500E1,2.547413167E1,-1.508436832E1,2.400000000E0,1.195184946E0,3.055599976E2,4.194109096E-1,1.600000024E0,4.400000095E0,3.200000000E1
1.062203945E2,6.506068000E1,2.547411167E1,-1.448437243E1,3.000000000E0,1.171507835E0,2.915899963E2,4.205049222E-1,1.600000024E0,4.500000000E0,3.200000000E1
1.072354969E2,6.506068000E1,2.547408833E1,-1.428437504E1,3.200000000E0,1.169963598E0,2.774400024E2,4.217688824E-1,1.700000048E0,5.099999905E0,3.300000000E1
1.081979470E2,6.506068167E1,2.547406167E1,-1.388437864E1,3.600000000E0,1.180258036E0,2.782999878E2,4.225503199E-1,1.700000048E0,5.099999905E0,3.300000000E1
1.092262910E2,6.506068167E1,2.547404500E1,-1.358438050E1,3.900000000E0,1.174596071E0,2.696600037E2,4.232770892E-1,1.600000024E0,4.099999905E0,3.300000000E1
1.102229879E2,6.506067833E1,2.547403167E1,-1.318438074E1,4.300000000E0,1.182831645E0,2.688200073E2,4.240802019E-1,1.700000048E0,5.000000000E0,3.300000000E1
1.112259929E2,6.506067667E1,2.547401500E1,-1.278438197E1,4.700000000E0,1.159154415E0,2.141900024E2,4.248074845E-1,1.600000024E0,5.800000191E0,3.300000000E1
1.122351459E2,6.506067167E1,2.547400500E1,-1.228438121E1,5.200000000E0,1.105623364E0,2.299100037E2,4.255107785E-1,1.600000024E0,4.199999809E0,3.300000000E1
1.132285116E2,6.506067167E1,2.547399000E1,-1.188438289E1,5.600000000E0,1.045915604E0,2.428999939E2,4.263756635E-1,1.600000024E0,4.000000000E0,3.300000000E1
1.142320683E2,6.506067500E1,2.547397333E1,-1.148438600E1,6.000000000E0,9.692219496E-1,2.462599945E2,4.274527753E-1,1.600000024E0,4.800000191E0,3.300000000E1
1.152309627E2,6.506068167E1,2.547395667E1,-1.118439037E1,6.300000000E0,8.945872188E-1,2.812500000E2,4.286108328E-1,1.600000024E0,4.900000095E0,3.300000000E1
1.162018242E2,6.506068667E1,2.547393500E1,-1.098439467E1,6.500000000E0,8.405413628E-1,2.948599854E2,4.299791738E-1,1.600000024E0,5.900000095E0,3.300000000E1
1.172272582E2,6.506069167E1,2.547390833E1,-1.068439953E1,6.800000000E0,7.962752581E-1,2.984700012E2,4.317798584E-1,1.600000024E0,6.800000191E0,3.300000000E1
1.182101159E2,6.506069833E1,2.547387333E1,-1.038440595E1,7.100000000E0,8.652480841E-1,2.862900085E2,4.343006572E-1,1.600000024E0,6.300000191E0,3.300000000E1
1.192238969E2,6.506070667E1,2.547382333E1,-1.018441467E1,7.300000000E0,1.026870847E0,2.902799988E2,4.367593795E-1,1.600000024E0,6.800000191E0,3.300000000E1
1.202071431E2,6.506071333E1,2.547377333E1,-9.884422767E0,7.600000000E0,1.141653895E0,2.936799927E2,4.388488876E-1,1.700000048E0,7.800000191E0,3.300000000E1
1.212241276E2,6.506072000E1,2.547373167E1,-9.684429931E0,7.800000000E0,1.225553632E0,3.023399963E2,4.408395803E-1,1.700000048E0,7.800000191E0,3.300000000E1
1.222039403E2,6.506073333E1,2.547370333E1,-9.284438116E0,8.200000000E0,1.373793602E0,3.090299988E2,4.424295506E-1,1.700000048E0,8.699999809E0,3.300000000E1
1.232021769E2,6.506074000E1,2.547367333E1,-8.984443978E0,8.500000000E0,1.474164486E0,2.975499878E2,4.435391466E-1,1.600000024E0,8.300000191E0,3.300000000E1
1.242265151E2,6.506074167E1,2.547365000E1,-8.684447213E0,8.800000000E0,1.502988935E0,2.865499878E2,4.446742244E-1,1.600000024E0,8.699999809E0,3.300000000E1
1.252121569E2,6.506074833E1,2.547363167E1,-8.284451771E0,9.200000000E0,1.549313903E0,2.843800049E2,4.455391074E-1,1.700000048E0,9.699999809E0,3.300000000E1
1.262211914E2,6.506075167E1,2.547361500E1,-7.884454889E0,9.600000000E0,1.567843914E0,2.765899963E2,4.464039904E-1,1.700000048E0,8.899999619E0,3.300000000E1
1.272176529E2,6.506075500E1,2.547359833E1,-7.484458006E0,1.000000000E1,1.568873286E0,2.596400146E2,4.471312900E-1,1.799999952E0,9.100000381E0,3.300000000E1
1.281992117E2,6.506075333E1,2.547358333E1,-7.084459055E0,1.040000000E1,1.495782733E0,2.598900146E2,4.478585896E-1,1.700000048E0,7.099999905E0,3.300000000E1
1.292046092E2,6.506075500E1,2.547356833E1,-6.884461359E0,1.060000000E1,1.330042243E0,2.630799866E2,4.488912216E-1,1.799999952E0,7.699999809E0,3.300000000E1
1.302292612E2,6.506075667E1,2.547354667E1,-6.784464408E0,1.070000000E1,1.205994129E0,2.630899963E2,4.500492765E-1,1.700000048E0,7.800000191E0,3.300000000E1
1.311924479E2,6.506076167E1,2.547352500E1,-6.584468713E0,1.090000000E1,1.132903576E0,2.638099976E2,4.511432857E-1,1.700000048E0,8.199999809E0,3.300000000E1
1.322021169E2,6.506076167E1,2.547350167E1,-6.584471321E0,1.090000000E1,1.034591675E0,2.749800110E2,4.522983776E-1,1.700000048E0,8.899999619E0,3.200000000E1
1.332199987E2,6.506076500E1,2.547347833E1,-6.584475184E0,1.090000000E1,1.001649499E0,2.753800049E2,4.534079726E-1,1.600000024E0,8.300000191E0,3.300000000E1
1.342229276E2,6.506076333E1,2.547345500E1,-6.684477164E0,1.080000000E1,1.045400858E0,2.811499939E2,4.545019817E-1,1.600000024E0,7.099999905E0,3.300000000E1
1.352151553E2,6.506076333E1,2.547343167E1,-6.884479772E0,1.060000000E1,1.081946135E0,2.787900085E2,4.556886944E-1,1.600000024E0,5.900000095E0,3.300000000E1
1.362004686E2,6.506076167E1,2.547340667E1,-7.084481939E0,1.040000000E1,1.116432548E0,2.830899963E2,4.567700659E-1,1.600000024E0,4.500000000E0,3.300000000E1
1.372000034E2,6.506075833E1,2.547338500E1,-7.384483105E0,1.010000000E1,1.133933067E0,2.753900146E2,4.577291012E-1,1.600000024E0,4.000000000E0,3.300000000E1
1.382066307E2,6.506075333E1,2.547336833E1,-7.584483084E0,9.900000000E0,1.110770583E0,2.228000031E2,4.585240859E-1,1.600000024E0,3.900000095E0,3.300000000E1
1.391984485E2,6.506075000E1,2.547335333E1,-7.984483505E0,9.500000000E0,1.112829447E0,2.728500061E2,4.594034160E-1,1.700000048E0,3.900000095E0,3.300000000E1
1.402097357E2,6.506075167E1,2.547333500E1,-7.884486182E0,9.600000000E0,1.128785849E0,2.802999878E2,4.602629949E-1,1.600000024E0,3.900000095E0,3.300000000E1
1.412285908E2,6.506075167E1,2.547331667E1,-8.284488231E0,9.200000000E0,1.171507835E0,2.916199951E2,4.612188552E-1,1.600000024E0,4.000000000E0,3.200000000E1
1.421988055E2,6.506075000E1,2.547329667E1,-8.984489838E0,8.500000000E0,1.170993090E0,2.854700012E2,4.621549413E-1,1.600000024E0,4.699999809E0,3.300000000E1
1.432076209E2,6.506074667E1,2.547327833E1,-9.784490631E0,7.700000000E0,1.157095551E0,2.777300110E2,4.631632593E-1,1.600000024E0,5.000000000E0,3.300000000E1
1.441923523E2,6.506074333E1,2.547325833E1,-1.068449161E1,6.800000000E0,1.146801114E0,2.722699890E2,4.640425895E-1,1.600000024E0,4.400000095E0,3.300000000E1
1.451936065E2,6.506074167E1,2.547324000E1,-1.128449303E1,6.200000000E0,1.110770583E0,2.537899933E2,4.649219199E-1,1.600000024E0,5.099999905E0,3.300000000E1
1.462133230E2,6.506074000E1,2.547322167E1,-1.188449445E1,5.600000000E0,1.078857780E0,2.526799927E2,4.661490979E-1,1.600000024E0,5.699999809E0,3.300000000E1
1.472023732E2,6.506073500E1,2.547319833E1,-1.208449517E1,5.400000000E0,1.061357260E0,2.504400024E2,4.668011379E-1,1.600000024E0,5.900000095E0,3.200000000E1
1.482134095E2,6.506073333E1,2.547318500E1,-1.228449604E1,5.200000000E0,1.040768385E0,2.547400055E2,4.678170047E-1,1.600000024E0,6.099999905E0,3.300000000E1
1.491938972E2,6.506073333E1,2.547316333E1,-1.248449846E1,5.000000000E0,1.013488054E0,2.555099945E2,4.687547278E-1,1.600000024E0,5.699999809E0,3.300000000E1
1.502031033E2,6.506073333E1,2.547314333E1,-1.258450069E1,4.900000000E0,9.826047421E-1,2.559199982E2,4.697873606E-1,1.600000024E0,6.599999905E0,3.200000000E1
1.512073292E2,6.506073500E1,2.547312167E1,-1.258450374E1,4.900000000E0,9.378238916E-1,2.607699890E2,4.708110719E-1,1.600000024E0,5.900000095E0,3.200000000E1
1.521960422E2,6.506073000E1,2.547310333E1,-1.238450391E1,5.100000000E0,9.208380580E-1,2.440000000E2,4.718924445E-1,1.500000000E0,4.800000191E0,3.200000000E1
1.532000372E2,6.506072667E1,2.547308167E1,-1.228450507E1,5.200000000E0,9.017933607E-1,2.437899933E2,4.732607838E-1,1.600000024E0,4.800000191E0,3.300000000E1
1.542011831E2,6.506072167E1,2.547305500E1,-1.218450617E1,5.300000000E0,8.750277758E-1,2.431799927E2,4.743547946E-1,1.600000024E0,4.800000191E0,3.300000000E1
1.552192359E2,6.506072167E1,2.547303167E1,-1.218450877E1,5.300000000E0,8.863516450E-1,2.469600067E2,4.757339750E-1,1.600000024E0,4.699999809E0,3.300000000E1
1.562119255E2,6.506071833E1,2.547300333E1,-1.218451068E1,5.300000000E0,8.812044263E-1,2.306600037E2,4.769206897E-1,1.600000024E0,5.000000000E0,3.300000000E1
1.571986461E2,6.506071667E1,2.547297833E1,-1.178451285E1,5.700000000E0,9.167202711E-1,2.623299866E2,4.783394315E-1,1.600000024E0,5.400000095E0,3.300000000E1
1.582119252E2,6.506071833E1,2.547294833E1,-1.168451683E1,5.800000000E0,9.265000224E-1,2.572300110E2,4.794334424E-1,1.600000024E0,5.300000191E0,3.300000000E1
1.592106941E2,6.506071833E1,2.547292500E1,-1.138451943E1,6.100000000E0,9.357650280E-1,2.613399963E2,4.805274534E-1,1.600000024E0,5.800000191E0,3.300000000E1
1.602189399E2,6.506071833E1,2.547290167E1,-1.118452204E1,6.300000000E0,9.357650280E-1,2.445899963E2,4.816214643E-1,1.500000000E0,5.699999809E0,3.300000000E1
1.612198600E2,6.506071833E1,2.547287833E1,-1.118452465E1,6.300000000E0,9.306177497E-1,2.528300018E2,4.828168097E-1,1.500000000E0,4.699999809E0,3.300000000E1
1.622066030E2,6.506072500E1,2.547285833E1,-1.118452940E1,6.300000000E0,9.383386374E-1,2.810700073E2,4.843730480E-1,1.500000000E0,5.300000191E0,3.300000000E1
1.632323145E2,6.506073333E1,2.547283167E1,-1.128453552E1,6.200000000E0,9.656189084E-1,2.960199890E2,4.859927358E-1,1.500000000E0,5.300000191E0,3.300000000E1
1.642095179E2,6.506074167E1,2.547280333E1,-1.128454183E1,6.200000000E0,9.795163870E-1,2.738599854E2,4.870253683E-1,1.500000000E0,4.199999809E0,3.300000000E1
1.652139034E2,6.506074333E1,2.547278167E1,-1.138454488E1,6.100000000E0,9.635599852E-1,2.646600037E2,4.879630911E-1,1.500000000E0,4.000000000E0,3.300000000E1
1.662231852E2,6.506074333E1,2.547276167E1,-1.108454711E1,6.400000000E0,1.015546918E0,2.906000061E2,4.891181837E-1,1.500000000E0,4.000000000E0,3.300000000E1
1.672012202E2,6.506074667E1,2.547273833E1,-1.098455098E1,6.500000000E0,1.006796718E0,2.662200012E2,4.902903371E-1,1.500000000E0,4.000000000E0,3.200000000E1
1.682054289E2,6.506074667E1,2.547271333E1,-1.108455377E1,6.400000000E0,1.046944976E0,2.647200012E2,4.913229694E-1,1.399999976E0,4.000000000E0,3.200000000E1
1.692048640E2,6.506074500E1,2.547269167E1,-1.108455557E1,6.400000000E0,1.088637471E0,2.669599915E2,4.922788299E-1,1.399999976E0,4.000000000E0,3.200000000E1
1.702140769E2,6.506074667E1,2.547267167E1,-1.098455843E1,6.500000000E0,1.087608099E0,2.631300049E2,4.931437130E-1,1.399999976E0,4.000000000E0,3.200000000E1
1.712009452E2,6.506075000E1,2.547265500E1,-1.098456155E1,6.500000000E0,1.059813023E0,2.835100098E2,4.938704810E-1,1.399999976E0,4.000000000E0,3.200000000E1
1.721921763E2,6.506075333E1,2.547264167E1,-1.108456430E1,6.400000000E0,1.036135793E0,2.878200073E2,4.948295164E-1,1.399999976E0,4.000000000E0,3.200000000E1
1.731890680E2,6.506075833E1,2.547262500E1,-1.108456805E1,6.400000000E0,1.002678871E0,2.933399963E2,4.955562843E-1,1.399999976E0,4.400000095E0,3.100000000E1
1.741854027E2,6.506076167E1,2.547261167E1,-1.108457079E1,6.400000000E0,9.826047421E-1,2.977200012E2,4.969356866E-1,1.399999976E0,4.000000000E0,3.200000000E1
1.752008603E2,6.506077333E1,2.547260167E1,-1.108457632E1,6.400000000E0,9.800311327E-1,3.245700073E2,4.981424433E-1,1.399999976E0,3.900000095E0,3.000000000E1
1.762041581E2,6.506078333E1,2.547259167E1,-1.118458121E1,6.300000000E0,9.398827553E-1,3.541900024E2,4.994420689E-1,1.399999976E0,3.900000095E0,3.000000000E1
1.772207575E2,6.506079500E1,2.547259000E1,-1.128458580E1,6.200000000E0,9.337061048E-1,1.153999996E1,5.009430877E-1,1.399999976E0,3.900000095E0,3.000000000E1
1.782104904E2,6.506080833E1,2.547258500E1,-1.138459139E1,6.100000000E0,9.213528037E-1,3.545400085E2,5.022613736E-1,1.399999976E0,3.900000095E0,3.000000000E1
1.792084445E2,6.506082000E1,2.547258000E1,-1.158459635E1,5.900000000E0,9.064258337E-1,3.444700012E2,5.036692560E-1,1.399999976E0,3.900000095E0,3.100000000E1
1.801984179E2,6.506083167E1,2.547256833E1,-1.168460205E1,5.800000000E0,9.378238916E-1,3.355000000E2,5.055456466E-1,1.399999976E0,3.900000095E0,3.200000000E1
1.812243393E2,6.506084667E1,2.547255000E1,-1.238460977E1,5.100000000E0,9.728249907E-1,3.420700073E2,5.074590957E-1,1.500000000E0,3.900000095E0,3.300000000E1
1.821913162E2,6.506086167E1,2.547253000E1,-1.348461766E1,4.000000000E0,1.000620008E0,3.439100037E2,5.092692298E-1,1.600000024E0,3.900000095E0,3.200000000E1
1.832023772E2,6.506087667E1,2.547251500E1,-1.398462500E1,3.500000000E0,1.014002800E0,3.740000010E0,5.105875156E-1,1.500000000E0,3.900000095E0,3.200000000E1
1.842111062E2,6.506088833E1,2.547251000E1,-1.398462996E1,3.500000000E0,9.892961383E-1,3.580799866E2,5.109897675E-1,1.399999976E0,3.900000095E0,3.200000000E1
1.852170412E2,6.506089167E1,2.547250667E1,-1.388463160E1,3.600000000E0,9.275294542E-1,6.090000153E0,5.114283315E-1,1.399999976E0,3.900000095E0,3.300000000E1
1.861980433E2,6.506088833E1,2.547250167E1,-1.358463090E1,3.900000000E0,9.234116673E-1,1.824700012E2,5.123680433E-1,1.299999952E0,3.900000095E0,3.200000000E1
1.872127329E2,6.506088000E1,2.547249833E1,-1.328462812E1,4.200000000E0,9.290736318E-1,1.892700043E2,5.133238623E-1,1.299999952E0,3.799999952E0,3.300000000E1
1.882003279E2,6.506087167E1,2.547249333E1,-1.308462554E1,4.400000000E0,8.971608281E-1,1.987899933E2,5.139272403E-1,1.299999952E0,3.799999952E0,3.300000000E1
1.892228354E2,6.506086667E1,2.547248833E1,-1.288462421E1,4.600000000E0,8.652480841E-1,1.921199951E2,5.148538647E-1,1.399999976E0,3.799999952E0,3.300000000E1
1.902264409E2,6.506085833E1,2.547248833E1,-1.278462107E1,4.700000000E0,8.451738954E-1,1.976999969E2,5.159658139E-1,1.399999976E0,3.799999952E0,3.300000000E1
1.912233467E2,6.506084833E1,2.547248833E1,-1.298461729E1,4.500000000E0,8.914988637E-1,1.984600067E2,5.173206495E-1,1.399999976E0,3.799999952E0,3.100000000E1
1.922097267E2,6.506083667E1,2.547248000E1,-1.278461382E1,4.700000000E0,9.079700112E-1,1.969499969E2,5.186550490E-1,1.399999976E0,3.799999952E0,3.300000000E1
1.932002882E2,6.506082500E1,2.547247333E1,-1.268461016E1,4.800000000E0,9.362797141E-1,1.971600037E2,5.196935395E-1,1.299999952E0,3.799999952E0,3.300000000E1
1.942090280E2,6.506081667E1,2.547246333E1,-1.258460813E1,4.900000000E0,9.723103046E-1,2.353200073E2,5.204980438E-1,1.299999952E0,3.799999952E0,3.300000000E1
1.952242541E2,6.506081000E1,2.547245667E1,-1.258460636E1,4.900000000E0,1.000105262E0,1.989499969E2,5.206991698E-1,1.299999952E0,3.799999952E0,3.300000000E1
1.962037833E2,6.506080833E1,2.547245833E1,-1.238460555E1,5.100000000E0,9.249558449E-1,1.823500061E2,5.209002959E-1,1.299999952E0,3.799999952E0,3.200000000E1
1.972309322E2,6.506080667E1,2.547245667E1,-1.268460511E1,4.800000000E0,8.492916822E-1,2.661799927E2,5.216275941E-1,1.299999952E0,3.799999952E0,3.200000000E1
1.982014602E2,6.506080500E1,2.547244167E1,-1.288460615E1,4.600000000E0,8.420855403E-1,2.780899963E2,5.224871714E-1,1.299999952E0,3.799999952E0,3.300000000E1
1.992094169E2,6.506080500E1,2.547242333E1,-1.278460820E1,4.700000000E0,8.667922020E-1,2.849599915E2,5.236738823E-1,1.299999952E0,3.799999952E0,3.200000000E1
2.002054842E2,6.506080333E1,2.547239833E1,-1.278461037E1,4.700000000E0,8.719394207E-1,2.797999878E2,5.248289726E-1,1.299999952E0,3.799999952E0,3.200000000E1
2.011991714E2,6.506080000E1,2.547237500E1,-1.258461172E1,4.900000000E0,8.148052692E-1,2.718900146E2,5.260156837E-1,1.299999952E0,3.799999952E0,3.200000000E1
2.022245025E2,6.506079833E1,2.547235000E1,-1.218461388E1,5.300000000E0,7.834072113E-1,2.681300049E2,5.273197609E-1,1.299999952E0,3.799999952E0,3.200000000E1
2.032141305E2,6.506079500E1,2.547232333E1,-1.188461561E1,5.600000000E0,7.700244188E-1,2.762500000E2,5.283356253E-1,1.299999952E0,3.700000048E0,3.200000000E1
2.042077036E2,6.506079500E1,2.547230167E1,-1.158461803E1,5.900000000E0,7.437736392E-1,2.598599854E2,5.290629239E-1,1.399999976E0,3.700000048E0,3.100000000E1
2.052233498E2,6.506079667E1,2.547228667E1,-1.128462034E1,6.200000000E0,7.592152953E-1,2.807699890E2,5.298579075E-1,1.399999976E0,3.700000048E0,3.200000000E1
2.062283065E2,6.506080000E1,2.547227167E1,-1.108462327E1,6.400000000E0,8.240702748E-1,3.001700134E2,5.307544149E-1,1.399999976E0,3.700000048E0,3.100000000E1
2.072355074E2,6.506080500E1,2.547225667E1,-1.068462684E1,6.800000000E0,9.198086262E-1,3.237799988E2,5.321598700E-1,1.299999952E0,3.700000048E0,3.100000000E1
2.082338150E2,6.506081500E1,2.547223833E1,-1.038463266E1,7.100000000E0,9.939286113E-1,3.236499939E2,5.335999148E-1,1.299999952E0,3.700000048E0,3.100000000E1
2.092038388E2,6.506082667E1,2.547222500E1,-1.018463856E1,7.300000000E0,1.010914445E0,3.394100037E2,5.350755627E-1,1.299999952E0,3.799999952E0,3.100000000E1
2.102235876E2,6.506083833E1,2.547221000E1,-1.008464464E1,7.400000000E0,1.058783650E0,3.204200134E2,5.369519532E-1,1.299999952E0,3.700000048E0,3.200000000E1
2.111968492E2,6.506085333E1,2.547219167E1,-1.008465236E1,7.400000000E0,1.128271103E0,3.392200012E2,5.387620874E-1,1.299999952E0,3.799999952E0,3.200000000E1
2.121988462E2,6.506086833E1,2.547217667E1,-9.884659703E0,7.600000000E0,1.215259194E0,3.463999939E2,5.404751633E-1,1.299999952E0,3.799999952E0,3.300000000E1
2.132089342E2,6.506088333E1,2.547216833E1,-9.884666301E0,7.600000000E0,1.252833843E0,1.690000057E0,5.417818177E-1,1.299999952E0,3.700000048E0,3.200000000E1
2.142100905E2,6.506089500E1,2.547216500E1,-9.984671081E0,7.500000000E0,1.322321415E0,1.610000014E0,5.430790918E-1,1.299999952E0,3.700000048E0,3.200000000E1
2.152030037E2,6.506090667E1,2.547216500E1,-1.008467549E1,7.400000000E0,1.403132796E0,6.960000038E0,5.443787174E-1,1.299999952E0,3.700000048E0,3.300000000E1
2.161975664E2,6.506091833E1,2.547216667E1,-1.008467971E1,7.400000000E0,1.470046639E0,3.470000029E0,5.456759915E-1,1.299999952E0,3.799999952E0,3.300000000E1
2.172051459E2,6.506093000E1,2.547216667E1,-1.018468411E1,7.300000000E0,1.461811066E0,3.599200134E2,5.467879408E-1,1.299999952E0,3.799999952E0,3.200000000E1
2.182057114E2,6.506094000E1,2.547216667E1,-1.018468789E1,7.300000000E0,1.422692180E0,1.011999989E1,5.477935704E-1,1.299999952E0,3.799999952E0,3.100000000E1
2.192044544E2,6.506094833E1,2.547217500E1,-1.038469011E1,7.100000000E0,1.406735778E0,2.006999969E1,5.490003259E-1,1.299999952E0,3.799999952E0,3.200000000E1
2.202241741E2,6.506095833E1,2.547218500E1,-1.048469276E1,7.000000000E0,1.372764111E0,2.596999931E1,5.501367184E-1,1.299999952E0,3.799999952E0,3.200000000E1
2.212085542E2,6.506096833E1,2.547219000E1,-1.048469598E1,7.000000000E0,1.307909131E0,3.560299988E2,5.510764301E-1,1.299999952E0,3.799999952E0,3.200000000E1
2.222295686E2,6.506097667E1,2.547219333E1,-1.048469876E1,7.000000000E0,1.231730223E0,2.522999954E1,5.521911218E-1,1.399999976E0,3.900000095E0,3.300000000E1
2.232034953E2,6.506098667E1,2.547219167E1,-1.018470272E1,7.300000000E0,1.182316899E0,9.439999580E0,5.531210352E-1,1.399999976E0,3.900000095E0,3.300000000E1
2.241972996E2,6.506099500E1,2.547219333E1,-9.884705680E0,7.600000000E0,1.156066060E0,3.000000119E-1,5.540476596E-1,1.399999976E0,3.900000095E0,3.300000000E1
2.252177895E2,6.506100333E1,2.547219333E1,-9.784708827E0,7.700000000E0,1.102535009E0,3.429899902E2,5.548052546E-1,1.399999976E0,3.900000095E0,3.300000000E1
2.262304594E2,6.506101000E1,2.547219000E1,-9.884711718E0,7.600000000E0,1.065989733E0,3.514700012E2,5.551840521E-1,1.500000000E0,3.799999952E0,3.300000000E1
2.272140701E2,6.506101333E1,2.547219167E1,-9.784712791E0,7.700000000E0,1.005767226E0,1.509000015E1,5.559885554E-1,1.500000000E0,3.900000095E0,3.300000000E1
2.281983474E2,6.506102000E1,2.547219833E1,-9.684714562E0,7.800000000E0,9.656189084E-1,1.175000000E1,5.565499947E-1,1.399999976E0,3.799999952E0,3.200000000E1
2.292053729E2,6.506102500E1,2.547219667E1,-9.784716637E0,7.700000000E0,9.162055850E-1,3.598399963E2,5.568488290E-1,1.399999976E0,3.799999952E0,3.300000000E1
2.302157972E2,6.506102667E1,2.547220167E1,-9.784716707E0,7.700000000E0,8.235555291E-1,3.454999924E1,5.570499548E-1,1.399999976E0,3.799999952E0,3.200000000E1
2.312277802E2,6.506102500E1,2.547220000E1,-9.884716264E0,7.600000000E0,7.314202785E-1,1.670500031E2,5.575348072E-1,1.399999976E0,3.700000048E0,3.300000000E1
2.322047480E2,6.506102167E1,2.547219333E1,-9.684715751E0,7.800000000E0,6.552413702E-1,1.895500031E2,5.579733706E-1,1.399999976E0,3.700000048E0,3.200000000E1
2.332022575E2,6.506101833E1,2.547218833E1,-9.384715052E0,8.100000000E0,5.934747458E-1,1.883899994E2,5.580515133E-1,1.399999976E0,3.799999952E0,3.300000000E1
2.342179692E2,6.506101833E1,2.547218667E1,-8.984715239E0,8.500000000E0,5.245019197E-1,1.771799927E2,5.584537650E-1,1.399999976E0,3.700000048E0,3.300000000E1
2.352276676E2,6.506101500E1,2.547218333E1,-8.684714353E0,8.800000000E0,4.781769514E-1,1.801699982E2,5.590152043E-1,1.399999976E0,3.799999952E0,3.300000000E1
2.362210393E2,6.506101000E1,2.547218500E1,-8.384712278E0,9.100000000E0,4.143514037E-1,1.746300049E2,5.597727993E-1,1.399999976E0,3.799999952E0,3.300000000E1
2.372321816E2,6.506100333E1,2.547218833E1,-8.484709387E0,9.000000000E0,4.061158299E-1,1.782599945E2,5.601361807E-1,1.500000000E0,3.799999952E0,3.300000000E1
2.382222732E2,6.506100167E1,2.547219500E1,-8.284708011E0,9.200000000E0,3.808944523E-1,1.782500000E2,5.611418100E-1,1.500000000E0,3.799999952E0,3.300000000E1
2.392041929E2,6.506099333E1,2.547220333E1,-8.284703930E0,9.200000000E0,3.803797364E-1,1.741399994E2,5.619797733E-1,1.399999976E0,3.700000048E0,3.300000000E1
2.402245142E2,6.506098667E1,2.547221167E1,-8.184700480E0,9.300000000E0,4.215574861E-1,1.674600067E2,5.633346083E-1,1.399999976E0,3.700000048E0,3.300000000E1
2.412176938E2,6.506097500E1,2.547222000E1,-8.184695140E0,9.300000000E0,4.858977795E-1,1.726900024E2,5.643125315E-1,1.399999976E0,3.700000048E0,3.400000000E1
2.422154982E2,6.506096667E1,2.547222667E1,-8.184691247E0,9.300000000E0,5.296491385E-1,1.688899994E2,5.650900157E-1,1.399999976E0,3.799999952E0,3.400000000E1
2.432009230E2,6.506096000E1,2.547223167E1,-8.084688169E0,9.400000000E0,5.589883327E-1,1.728699951E2,5.658172951E-1,1.399999976E0,3.799999952E0,3.400000000E1
2.442240436E2,6.506095500E1,2.547224167E1,-8.084685162E0,9.400000000E0,5.656797290E-1,1.649700012E2,5.664551108E-1,1.399999976E0,3.799999952E0,3.400000000E1
2.452149828E2,6.506095000E1,2.547224833E1,-7.884682527E0,9.600000000E0,5.528116822E-1,1.592200012E2,5.668875497E-1,1.399999976E0,3.799999952E0,3.400000000E1
2.462009430E2,6.506094833E1,2.547225667E1,-7.884680965E0,9.600000000E0,5.208988786E-1,1.230800018E2,5.673199885E-1,1.299999952E0,3.799999952E0,3.300000000E1
2.472361265E2,6.506095000E1,2.547226500E1,-7.984680662E0,9.500000000E0,5.018541813E-1,3.089999962E1,5.681579522E-1,1.299999952E0,3.799999952E0,3.400000000E1
2.482352563E2,6.506095667E1,2.547227333E1,-7.784682247E0,9.700000000E0,5.085455775E-1,8.359999657E0,5.687957679E-1,1.299999952E0,3.799999952E0,3.400000000E1
2.492292261E2,6.506096167E1,2.547228000E1,-7.584683389E0,9.900000000E0,5.157516599E-1,1.085999966E1,5.696002715E-1,1.399999976E0,3.799999952E0,3.400000000E1
2.502311080E2,6.506096833E1,2.547228667E1,-7.584685160E0,9.900000000E0,5.162664056E-1,1.185999966E1,5.703456783E-1,1.399999976E0,3.799999952E0,3.400000000E1
2.511955305E2,6.506097500E1,2.547228833E1,-7.484687490E0,1.000000000E1,5.162664056E-1,1.209000015E1,5.712755917E-1,1.399999976E0,3.799999952E0,3.400000000E1
2.521990154E2,6.506098333E1,2.547228667E1,-7.384690824E0,1.010000000E1,5.291344523E-1,3.849999905E0,5.724306381E-1,1.399999976E0,3.799999952E0,3.400000000E1
2.532005898E2,6.506099333E1,2.547228000E1,-7.384695346E0,1.010000000E1,5.522969365E-1,3.561400146E2,5.736373933E-1,1.399999976E0,3.799999952E0,3.400000000E1
2.542279833E2,6.506100333E1,2.547227000E1,-7.284700242E0,1.020000000E1,6.047986150E-1,3.509700012E2,5.749556789E-1,1.399999976E0,3.900000095E0,3.400000000E1
2.551974532E2,6.506101500E1,2.547226500E1,-7.184705208E0,1.030000000E1,6.701683402E-1,3.496700134E2,5.762900779E-1,1.399999976E0,3.900000095E0,3.400000000E1
2.562206249E2,6.506102667E1,2.547225833E1,-7.084710360E0,1.040000000E1,7.597299814E-1,3.482000122E2,5.777747348E-1,1.399999976E0,4.000000000E0,3.400000000E1
2.572120282E2,6.506104000E1,2.547225667E1,-7.084715582E0,1.040000000E1,8.359088898E-1,3.533099976E2,5.793079527E-1,1.399999976E0,4.000000000E0,3.200000000E1
2.582176842E2,6.506105333E1,2.547224833E1,-7.184721551E0,1.030000000E1,8.951019645E-1,3.469299927E2,5.808411704E-1,1.399999976E0,4.000000000E0,3.200000000E1
2.592281206E2,6.506106667E1,2.547224000E1,-7.384727519E0,1.010000000E1,9.393680692E-1,3.559299927E2,5.818108746E-1,1.399999976E0,4.000000000E0,3.300000000E1
2.602308599E2,6.506107333E1,2.547222667E1,-7.784731531E0,9.700000000E0,9.537802935E-1,3.573599854E2,5.828165034E-1,1.399999976E0,3.900000095E0,3.300000000E1
2.612199939E2,6.506108167E1,2.547221833E1,-7.984735612E0,9.500000000E0,9.707661271E-1,3.059999943E0,5.837723220E-1,1.299999952E0,3.900000095E0,3.200000000E1
2.622191028E2,6.506109000E1,2.547221333E1,-8.284739319E0,9.200000000E0,9.774575233E-1,3.571799927E2,5.847779508E-1,1.299999952E0,3.900000095E0,3.200000000E1
2.632086456E2,6.506109833E1,2.547220500E1,-8.584743400E0,8.900000000E0,9.913550019E-1,3.476300049E2,5.861573511E-1,1.299999952E0,3.900000095E0,3.100000000E1
2.642103040E2,6.506111000E1,2.547219500E1,-8.784748927E0,8.700000000E0,9.872372150E-1,3.475499878E2,5.871131696E-1,1.299999952E0,3.900000095E0,3.200000000E1
2.652201505E2,6.506111833E1,2.547219000E1,-8.784752635E0,8.700000000E0,9.609863758E-1,2.194000053E1,5.873142953E-1,1.299999952E0,3.799999952E0,3.200000000E1
2.662064575E2,6.506112000E1,2.547218833E1,-8.784753451E0,8.700000000E0,8.899547458E-1,2.298999977E1,5.880718902E-1,1.299999952E0,3.799999952E0,3.300000000E1
2.672337772E2,6.506112667E1,2.547218500E1,-8.984756343E0,8.500000000E0,8.559830785E-1,3.561400146E2,5.888131897E-1,1.200000048E0,3.799999952E0,3.300000000E1
2.682244791E2,6.506113333E1,2.547218500E1,-8.984758861E0,8.500000000E0,8.240702748E-1,3.507999878E2,5.895544892E-1,1.200000048E0,3.799999952E0,3.300000000E1
2.692256456E2,6.506114000E1,2.547218500E1,-9.084761379E0,8.400000000E0,7.859808207E-1,3.537300110E2,5.904844026E-1,1.200000048E0,3.799999952E0,3.200000000E1
2.702341536E2,6.506114833E1,2.547218667E1,-9.184764340E0,8.300000000E0,7.839219570E-1,8.500000238E-1,5.912257022E-1,1.200000048E0,3.799999952E0,3.200000000E1
2.712338073E2,6.506115500E1,2.547218667E1,-9.184766858E0,8.300000000E0,7.772305608E-1,3.619999886E0,5.921523265E-1,1.200000048E0,3.700000048E0,3.200000000E1
2.722240206E2,6.506116333E1,2.547218667E1,-9.284770005E0,8.200000000E0,7.731127739E-1,3.570499878E2,5.928936260E-1,1.200000048E0,3.700000048E0,3.300000000E1
2.732231726E2,6.506117000E1,2.547218667E1,-9.384772523E0,8.100000000E0,7.432588935E-1,3.512900085E2,5.936390328E-1,1.200000048E0,3.799999952E0,3.200000000E1
2.742277942E2,6.506117667E1,2.547218500E1,-9.484775228E0,8.000000000E0,7.298761010E-1,3.594299927E2,5.943844395E-1,1.200000048E0,3.799999952E0,3.200000000E1
2.752313551E2,6.506118333E1,2.547218667E1,-9.584777559E0,7.900000000E0,7.267878056E-1,3.594100037E2,5.951420343E-1,1.200000048E0,3.799999952E0,3.300000000E1
2.762225231E2,6.506119000E1,2.547218333E1,-9.684780451E0,7.800000000E0,7.664213777E-1,3.445299988E2,NaN,1.200000048E0,3.799999952E0,3.300000000E1
